order_id,cliente_id,orden_compra_timestamp,orden_entrega_transportista,fecha_de_entrega_estimada,fecha_entrega_al_cliente,fecha_de_entrega_limite,ciudad_cliente,estado_del_cliente,region,lat_cliente,lon_cliente,dc_asignado,distancia_km,dias_entrega,dias_a_transportista,dias_transporte_a_cliente,dias_orden_a_pago,colchon_dias,diferencia_entrega_estimada,despacho_tarde,llego_tarde,es_feriado,es_fin_de_semana,CategorÃ­a,categorÃ­a_peso,total_peso_g,#_deproductos,precio,costo_de_flete,pago,tipo_de_pago,periodo_dia,dia_semana,nombre_dia,mes,aÃ±o,mes_aÃ±o,hora_compra,ciudad_para_clima,name_x,datetime_x,temp_x,precip_x,cloudcover_x,conditions_x,icon_x,name_y,datetime_y,temp_y,precip_y,cloudcover_y,conditions_y,icon_y,Nombre,Ciudad,Estado,lat_origen,lon_origen,velocidad_kmh,duracion_estimada_min,duracion_estimada_dias,desviacion_entrega,entrega_a_tiempo,rango_distancia,costo_relativo_envio,dias_prometidos,desviacion_vs_promesa
e481f51cbdc54678b7cc49136f2d6af7,9ef432eb6251297304e76186b10a928d,02/10/2017,04/10/2017,18/10/2017,10/10/2017,06/10/2017,Ciudad de MÃ©xico,Ciudad de MÃ©xico,Centro Sur,19.421224,-99.222999,Ciudad De MÃ©xico,9.51,8,2,6,0,16,-8,0,0,0,0,Hogar y Muebles,EstÃ¡ndar,1500,1,89.97,26.16,38.71,tarjeta_de_credito,matutino,0,Monday,10,2017,2017-10,10,Ciudad de MÃ©xico,Ciudad de MÃ©xico,02/10/2017,16.7,2.7,75.2,"Rain, Partially cloudy",rain,Ciudad de MÃ©xico,10/10/2017,17.1,4.3,72,"Rain, Partially cloudy",rain,Centro CDMX,Ciudad De MÃ©xico,Ciudad de MÃ©xico,19.4326,-99.1332,30,19.02,0.013208333,7.986791667,False,0-10 km,0.675794368,16,-8
53cdb2fc8bc7dce0b6741e2150273451,b0830fb4747a6c6d20dea0b8c802d7ef,24/07/2018,26/07/2018,13/08/2018,07/08/2018,30/07/2018,Mexicali,Baja California,Noroeste,32.647334,-115.458561,Tijuana,149.04,14,2,12,2,20,-6,0,0,0,0,Belleza y Salud,Ligero,400,1,118.7,22.76,141.46,boleto,vespertino,1,Tuesday,7,2018,2018-07,20,Tijuana,Tijuana,24/07/2018,23.6,0,28.8,Partially cloudy,partly-cloudy-day,Tijuana,07/08/2018,25.8,0,30.4,Partially cloudy,partly-cloudy-day,Centro Frontera,Tijuana,Baja California,32.5149,-117.0382,70,127.7485714,0.088714286,13.91128571,False,100-300 km,0.160893539,20,-6
47770eb9100c2d0c44946d9cf07ec65d,41ce2a54c0b03bf3443c3d931a367089,08/08/2018,08/08/2018,04/09/2018,17/08/2018,13/08/2018,Veracruz,Veracruz,Oriente,19.177263,-96.156,Veracruz,2.32,9,0,9,0,27,-18,0,0,0,0,Automotriz,Ligero,420,1,159.9,19.22,179.12,tarjeta_de_credito,matutino,2,Wednesday,8,2018,2018-08,8,Veracruz,Veracruz,08/08/2018,27.8,1,75,"Rain, Partially cloudy",rain,Veracruz,17/08/2018,28.9,4.4,45.4,"Rain, Partially cloudy",rain,Centro Golfo,Veracruz,Veracruz,19.1738,-96.1342,30,14.64,0.010166667,8.989833333,False,0-10 km,0.107302367,27,-18
949d5b44dbf5de918fe9c16f97b45f8a,f88197465ea7920adcdbec7375364d82,18/11/2017,22/11/2017,15/12/2017,02/12/2017,23/11/2017,Mineral de la Reforma,Hidalgo,Oriente,20.071389,-98.744835,Ciudad De MÃ©xico,81.59,14,4,10,0,27,-13,0,0,0,1,Mascotas,Ligero,450,1,45,27.2,72.2,tarjeta_de_credito,vespertino,5,Saturday,11,2017,2017-11,19,Pachuca,Pachuca,18/11/2017,12.4,0,20.8,Partially cloudy,partly-cloudy-day,Pachuca,02/12/2017,10.8,0,58.7,Partially cloudy,partly-cloudy-day,Centro CDMX,Ciudad De MÃ©xico,Ciudad de MÃ©xico,19.4326,-99.1332,50,97.908,0.067991667,13.93200833,False,50-100 km,0.376731302,27,-13
ad21c59c0840e6cb83a9ceb5573f8159,8ab97904e6daea8866dbdbc4fb7aad2c,13/02/2018,14/02/2018,26/02/2018,16/02/2018,19/02/2018,Ciudad de MÃ©xico,Ciudad de MÃ©xico,Centro Sur,19.343607,-99.184195,Ciudad De MÃ©xico,11.21,3,1,2,0,13,-10,0,0,0,0,Libros y PapelerÃ­a,Ligero,250,1,19.9,8.72,28.62,tarjeta_de_credito,vespertino,1,Tuesday,2,2018,2018-02,21,Ciudad de MÃ©xico,Ciudad de MÃ©xico,13/02/2018,14.9,0,49.3,Partially cloudy,partly-cloudy-day,Ciudad de MÃ©xico,16/02/2018,16,0,5,Clear,clear-day,Centro CDMX,Ciudad De MÃ©xico,Ciudad de MÃ©xico,19.4326,-99.1332,50,13.452,0.009341667,2.990658333,False,10-50 km,0.304682041,13,-10
a4591c265e18cb1dcee52889e2d8acc3,503740e9ca751ccdda7ba28e9ab8f608,09/07/2017,11/07/2017,01/08/2017,26/07/2017,13/07/2017,Santiago de QuerÃ©taro,Queretaro,Centro Norte,20.58045,-100.395055,QuerÃ©taro,1.07,17,2,15,0,23,-6,0,0,0,1,Automotriz,Extrapesado,7150,1,147.9,27.36,175.26,tarjeta_de_credito,vespertino,6,Sunday,7,2017,2017-07,21,Santiago De QuerÃ©taro,Santiago De QuerÃ©taro,09/07/2017,17.7,15.2,94.3,"Rain, Overcast",rain,Santiago De QuerÃ©taro,26/07/2017,18,52.1,88,"Rain, Partially cloudy",rain,Centro BajÃ­o,QuerÃ©taro,QuerÃ©taro,20.5888,-100.3899,30,12.14,0.008430556,16.99156944,False,0-10 km,0.156110921,23,-6
6514b8ad8028c9f2cc2374ded245783f,9bdf08b4b3b52b5526ff42d37d47f222,16/05/2017,22/05/2017,07/06/2017,26/05/2017,22/05/2017,JuÃ¡rez,Nuevo LeÃ³n,Noreste,25.653259,-100.067635,Monterrey,25.22,10,6,4,0,22,-12,0,0,0,0,Automotriz,Pluma,50,1,59.99,15.17,75.16,tarjeta_de_credito,matutino,1,Tuesday,5,2017,2017-05,13,JuÃ¡rez,JuÃ¡rez,16/05/2017,28.7,0.6,68.7,"Rain, Partially cloudy",rain,JuÃ¡rez,26/05/2017,29.3,0,66.4,Partially cloudy,partly-cloudy-day,Centro Norte,Monterrey,Nuevo LeÃ³n,25.6866,-100.3161,50,30.264,0.021016667,9.978983333,False,10-50 km,0.201836083,22,-12
76c6e866289321a7c93b82b54852dc33,f54a9f0e6b351c431402b8461ea51999,23/01/2017,26/01/2017,06/03/2017,02/02/2017,27/01/2017,Atlixco,Puebla,Oriente,18.910561,-98.443882,Puebla,28.91,10,3,7,2,42,-32,0,0,0,0,Hogar y Muebles,Ligero,300,1,19.9,16.05,35.95,boleto,vespertino,0,Monday,1,2017,2017-01,18,Puebla,Puebla,23/01/2017,20.7,0,1.9,Clear,clear-day,Puebla,02/02/2017,21,0,14.7,Clear,clear-day,Centro Sur,Puebla,Puebla,19.0413,-98.2062,50,34.692,0.024091667,9.975908333,False,10-50 km,0.446453408,42,-32
e69bfb5eb88e0ed6a785585b27e16dbf,31ad1d1b63eb9962463f764d4e6e0c9d,29/07/2017,10/08/2017,23/08/2017,16/08/2017,11/08/2017,Ciudad de MÃ©xico,Ciudad de MÃ©xico,Centro Sur,19.464346,-99.114711,Ciudad De MÃ©xico,4.01,18,12,6,0,25,-7,0,0,0,1,Hogar y Muebles,Extrapesado,19500,1,299.98,39.54,169.76,voucher,matutino,5,Saturday,7,2017,2017-07,11,Ciudad de MÃ©xico,Ciudad de MÃ©xico,29/07/2017,18.6,2.737,51.4,"Rain, Partially cloudy",rain,Ciudad de MÃ©xico,16/08/2017,17.6,4.2,84.9,"Rain, Partially cloudy",rain,Centro CDMX,Ciudad De MÃ©xico,Ciudad de MÃ©xico,19.4326,-99.1332,30,18.02,0.012513889,17.98748611,False,0-10 km,0.232917059,25,-7
e6ce16cb79ec1d90b1da9085a6118aeb,494dded5b201313c64ed7f100595b95c,16/05/2017,18/05/2017,07/06/2017,29/05/2017,22/05/2017,Montemorelos,Nuevo LeÃ³n,Noreste,25.193791,-99.829155,Monterrey,73.34,13,2,11,0,22,-9,0,0,0,0,Industria y Comercio,Extrapesado,18000,2,198,61.06,518.12,tarjeta_de_credito,vespertino,1,Tuesday,5,2017,2017-05,19,Montemorelos,Montemorelos,16/05/2017,28.8,0,47.4,Partially cloudy,partly-cloudy-day,Montemorelos,29/05/2017,23.9,3.5,79.7,"Rain, Partially cloudy",rain,Centro Norte,Monterrey,Nuevo LeÃ³n,25.6866,-100.3161,50,88.008,0.061116667,12.93888333,False,50-100 km,0.117849147,22,-9
e6ce16cb79ec1d90b1da9085a6118aeb,494dded5b201313c64ed7f100595b95c,16/05/2017,18/05/2017,07/06/2017,29/05/2017,22/05/2017,Montemorelos,Nuevo LeÃ³n,Noreste,25.193791,-99.829155,Monterrey,73.34,13,2,11,0,22,-9,0,0,0,0,Industria y Comercio,Extrapesado,18000,2,198,61.06,518.12,tarjeta_de_credito,vespertino,1,Tuesday,5,2017,2017-05,19,Montemorelos,Montemorelos,16/05/2017,28.8,0,47.4,Partially cloudy,partly-cloudy-day,Montemorelos,29/05/2017,23.9,3.5,79.7,"Rain, Partially cloudy",rain,Centro Norte,Monterrey,Nuevo LeÃ³n,25.6866,-100.3161,50,88.008,0.061116667,12.93888333,False,50-100 km,0.117849147,22,-9
34513ce0c4fab462a55830c0989c7edb,7711cf624183d843aafe81855097bc37,13/07/2017,14/07/2017,08/08/2017,19/07/2017,19/07/2017,Ciudad de MÃ©xico,Ciudad de MÃ©xico,Centro Sur,19.391829,-99.164642,Ciudad De MÃ©xico,5.59,6,1,5,0,26,-20,0,0,0,0,Electronica y TecnologÃ­a,Ligero,325,1,98,16.13,114.13,tarjeta_de_credito,vespertino,3,Thursday,7,2017,2017-07,19,Ciudad de MÃ©xico,Ciudad de MÃ©xico,13/07/2017,16.7,2.8,78.6,"Rain, Partially cloudy",rain,Ciudad de MÃ©xico,19/07/2017,16.2,4,78,"Rain, Partially cloudy",rain,Centro CDMX,Ciudad De MÃ©xico,Ciudad de MÃ©xico,19.4326,-99.1332,30,11.18,0.007763889,5.992236111,False,0-10 km,0.141330062,26,-20
82566a660a982b15fb86e904c8d32918,d3e3b74c766bc6214e0c830b17ee2341,07/06/2018,11/06/2018,18/07/2018,19/06/2018,18/06/2018,Puerto Vallarta,Jalisco,Occidente,20.656699,-105.21603,Guadalajara,194.49,12,4,8,2,41,-29,0,0,0,0,Belleza y Salud,Ligero,450,1,31.9,18.23,50.13,boleto,vespertino,3,Thursday,6,2018,2018-06,10,Puerto Vallarta,Puerto Vallarta,07/06/2018,24.9,11.5,95.9,"Rain, Overcast",rain,Puerto Vallarta,19/06/2018,25.3,2.4,93.5,"Rain, Overcast",rain,Centro Occidente,Guadalajara,Jalisco,20.6597,-103.3496,70,166.7057143,0.115767857,11.88423214,False,100-300 km,0.363654498,41,-29
5ff96c15d0b717ac6ad1f3d77225a350,19402a48fe860416adf93348aba37740,25/07/2018,26/07/2018,08/08/2018,30/07/2018,27/07/2018,Ciudad de MÃ©xico,Ciudad de MÃ©xico,Centro Sur,19.358426,-99.142474,Ciudad De MÃ©xico,8.27,5,1,4,0,14,-9,0,0,0,0,Hogar y Muebles,Pluma,200,1,19.9,12.8,32.7,tarjeta_de_credito,vespertino,2,Wednesday,7,2018,2018-07,17,Ciudad de MÃ©xico,Ciudad de MÃ©xico,25/07/2018,18.5,0.3,52.6,"Rain, Partially cloudy",rain,Ciudad de MÃ©xico,30/07/2018,17.8,0.3,32.1,"Rain, Partially cloudy",rain,Centro CDMX,Ciudad De MÃ©xico,Ciudad de MÃ©xico,19.4326,-99.1332,30,16.54,0.011486111,4.988513889,False,0-10 km,0.391437309,14,-9
432aaf21d85167c2c86ec9448c4e42cc,3df704f53d3f1d4818840b34ec672a9f,01/03/2018,02/03/2018,21/03/2018,12/03/2018,07/03/2018,Ciudad de MÃ©xico,Ciudad de MÃ©xico,Centro Sur,19.430055,-99.258193,Ciudad De MÃ©xico,13.13,11,1,10,0,20,-9,0,0,0,0,Bebes y NiÃ±os,Ligero,583,1,38.25,16.11,54.36,tarjeta_de_credito,vespertino,3,Thursday,3,2018,2018-03,14,Ciudad de MÃ©xico,Ciudad de MÃ©xico,01/03/2018,18.8,0.2,32.9,"Rain, Partially cloudy",rain,Ciudad de MÃ©xico,12/03/2018,17.7,3.1,31.5,"Rain, Partially cloudy",rain,Centro CDMX,Ciudad De MÃ©xico,Ciudad de MÃ©xico,19.4326,-99.1332,50,15.756,0.010941667,10.98905833,False,10-50 km,0.296357616,20,-9
dcb36b511fcac050b97cd5c05de84dc3,3b6828a50ffe546942b7a473d70ac0fc,07/06/2018,11/06/2018,04/07/2018,21/06/2018,18/06/2018,Veracruz,Veracruz,Oriente,19.170564,-96.135783,Veracruz,0.4,14,4,10,5,27,-13,0,0,0,0,Belleza y Salud,Pluma,150,1,132.4,14.05,146.45,tarjeta_de_credito,vespertino,3,Thursday,6,2018,2018-06,19,Veracruz,Veracruz,07/06/2018,29.8,3.5,59.7,"Rain, Partially cloudy",rain,Veracruz,21/06/2018,29.3,4,64.1,"Rain, Partially cloudy",rain,Centro Golfo,Veracruz,Veracruz,19.1738,-96.1342,30,10.8,0.0075,13.9925,False,0-10 km,0.09593718,27,-13
403b97836b0c04a622354cf531062e5f,738b086814c6fcc74b8cc583f8516ee3,02/01/2018,03/01/2018,06/02/2018,20/01/2018,12/01/2018,Escobedo,Nuevo LeÃ³n,Noreste,25.792249,-100.315442,Monterrey,11.7,18,1,17,0,35,-17,0,0,0,0,Industria y Comercio,Extrapesado,20850,1,1299,77.45,1376.45,tarjeta_de_credito,vespertino,1,Tuesday,1,2018,2018-01,19,Monterrey,Monterrey,02/01/2018,1.3,0.476,91.4,"Snow, Rain, Overcast",rain,Monterrey,20/01/2018,13.8,0,7.7,Clear,clear-day,Centro Norte,Monterrey,Nuevo LeÃ³n,25.6866,-100.3161,50,14.04,0.00975,17.99025,False,10-50 km,0.056267936,35,-17
116f0b09343b49556bbad5f35bee0cdf,3187789bec990987628d7a9beb4dd6ac,26/12/2017,28/12/2017,29/01/2018,08/01/2018,02/01/2018,LeÃ³n,Guanajuato,Centro Norte,21.121923,-101.684368,QuerÃ©taro,147.08,13,2,11,0,34,-21,0,0,0,0,Electronica y TecnologÃ­a,Ligero,300,1,27.99,15.1,43.09,tarjeta_de_credito,vespertino,1,Tuesday,12,2017,2017-12,23,Silao,Silao,26/12/2017,15.2,0,52.5,Partially cloudy,partly-cloudy-day,Silao,08/01/2018,14.6,0,9.4,Clear,clear-day,Centro BajÃ­o,QuerÃ©taro,QuerÃ©taro,20.5888,-100.3899,70,126.0685714,0.087547619,12.91245238,False,100-300 km,0.350429334,34,-21
85ce859fd6dc634de8d2f1e290444043,059f7fc5719c7da6cbafe370971a8d70,21/11/2017,23/11/2017,11/12/2017,27/11/2017,29/11/2017,Ciudad de MÃ©xico,Ciudad de MÃ©xico,Centro Sur,19.428408,-99.17051,Ciudad De MÃ©xico,3.95,6,2,4,0,20,-14,0,0,0,0,Hogar y Muebles,Ligero,250,1,17.9,11.85,29.75,tarjeta_de_credito,vespertino,1,Tuesday,11,2017,2017-11,0,Ciudad de MÃ©xico,Ciudad de MÃ©xico,21/11/2017,15,0,22.4,Partially cloudy,partly-cloudy-day,Ciudad de MÃ©xico,27/11/2017,11,0,7.6,Clear,clear-day,Centro CDMX,Ciudad De MÃ©xico,Ciudad de MÃ©xico,19.4326,-99.1332,30,17.9,0.012430556,5.987569444,False,0-10 km,0.398319328,20,-14
83018ec114eee8641c97e08f7b4e926f,7f8c8b9c2ae27bf3300f670c3d478be8,26/10/2017,26/10/2017,23/11/2017,08/11/2017,01/11/2017,Tijuana,Baja California,Noroeste,32.436955,-117.034212,Tijuana,8.65,13,0,13,0,28,-15,0,0,0,0,Electronica y TecnologÃ­a,EstÃ¡ndar,975,1,228,50.91,92.97,voucher,vespertino,3,Thursday,10,2017,2017-10,15,Tijuana,Tijuana,26/10/2017,24,0,2.4,Clear,clear-day,Tijuana,08/11/2017,17.1,0,7.3,Clear,clear-day,Centro Frontera,Tijuana,Baja California,32.5149,-117.0382,30,17.3,0.012013889,12.98798611,False,0-10 km,0.547595999,28,-15
203096f03d82e0dffbc41ebc2e2bcfb7,d2b091571da224a1b36412c18bc3bbfe,18/09/2017,06/10/2017,28/09/2017,09/10/2017,25/09/2017,Ciudad de MÃ©xico,Ciudad de MÃ©xico,Centro Sur,19.485848,-99.065978,Ciudad De MÃ©xico,9.2,21,18,3,1,10,11,1,1,0,0,Belleza y Salud,Ligero,525,1,109.9,8.96,118.86,boleto,vespertino,0,Monday,9,2017,2017-09,14,Ciudad de MÃ©xico,Ciudad de MÃ©xico,18/09/2017,17.3,2.192,67.9,"Rain, Partially cloudy",rain,Ciudad de MÃ©xico,09/10/2017,17.3,0.3,74.3,"Rain, Partially cloudy",rain,Centro CDMX,Ciudad De MÃ©xico,Ciudad de MÃ©xico,19.4326,-99.1332,30,18.4,0.012777778,20.98722222,False,0-10 km,0.075382803,10,11
f848643eec1d69395095eb3840d2051e,4fa1cd166fa598be6de80fa84eaade43,15/03/2018,15/03/2018,29/03/2018,19/03/2018,23/03/2018,Ciudad de MÃ©xico,Ciudad de MÃ©xico,Centro Sur,19.489623,-99.178556,Ciudad De MÃ©xico,7.91,4,0,4,0,14,-10,0,0,0,0,Belleza y Salud,Ligero,250,1,79.99,8.91,88.9,tarjeta_de_credito,matutino,3,Thursday,3,2018,2018-03,8,Ciudad de MÃ©xico,Ciudad de MÃ©xico,15/03/2018,15.4,0.3,27,"Rain, Partially cloudy",rain,Ciudad de MÃ©xico,19/03/2018,19.8,0,45.3,Partially cloudy,partly-cloudy-day,Centro CDMX,Ciudad De MÃ©xico,Ciudad de MÃ©xico,19.4326,-99.1332,30,15.82,0.010986111,3.989013889,False,0-10 km,0.100224972,14,-10
2807d0e504d6d4894d41672727bc139f,72ae281627a6102d9b3718528b420f8a,03/02/2018,05/02/2018,21/02/2018,08/02/2018,08/02/2018,Ciudad de MÃ©xico,Ciudad de MÃ©xico,Centro Sur,19.414954,-99.212227,Ciudad De MÃ©xico,8.53,5,2,3,0,18,-13,0,0,0,1,Electronica y TecnologÃ­a,Pluma,200,1,9.5,7.78,17.28,tarjeta_de_credito,vespertino,5,Saturday,2,2018,2018-02,20,Ciudad de MÃ©xico,Ciudad de MÃ©xico,03/02/2018,13.9,0,58.4,Partially cloudy,partly-cloudy-day,Ciudad de MÃ©xico,08/02/2018,14.4,0.2,76.6,"Rain, Partially cloudy",rain,Centro CDMX,Ciudad De MÃ©xico,Ciudad de MÃ©xico,19.4326,-99.1332,30,17.06,0.011847222,4.988152778,False,0-10 km,0.450231481,18,-13
95266dbfb7e20354baba07964dac78d5,a166da34890074091a942054b36e4265,08/01/2018,24/01/2018,21/02/2018,26/01/2018,26/01/2018,LeÃ³n,Guanajuato,Centro Norte,21.127556,-101.699733,QuerÃ©taro,148.79,18,16,2,0,44,-26,0,0,0,0,Bebes y NiÃ±os,Extrapesado,14950,1,129.99,57.58,187.57,tarjeta_de_credito,matutino,0,Monday,1,2018,2018-01,7,Silao,Silao,08/01/2018,14.6,0,9.4,Clear,clear-day,Silao,26/01/2018,13.8,0.2,52.1,"Rain, Partially cloudy",rain,Centro BajÃ­o,QuerÃ©taro,QuerÃ©taro,20.5888,-100.3899,70,127.5342857,0.088565476,17.91143452,False,100-300 km,0.306978728,44,-26
f3e7c359154d965827355f39d6b1fdac,62b423aab58096ca514ba6aa06be2f98,09/08/2018,10/08/2018,17/08/2018,13/08/2018,14/08/2018,Ciudad de MÃ©xico,Ciudad de MÃ©xico,Centro Sur,19.465452,-99.119838,Ciudad De MÃ©xico,3.9,4,1,3,1,8,-4,0,0,0,0,Libros y PapelerÃ­a,Ligero,600,1,89.9,14.21,104.11,boleto,vespertino,3,Thursday,8,2018,2018-08,11,Ciudad de MÃ©xico,Ciudad de MÃ©xico,09/08/2018,16.1,2.945,83.1,"Rain, Partially cloudy",rain,Ciudad de MÃ©xico,13/08/2018,15,3,90.5,"Rain, Overcast",rain,Centro CDMX,Ciudad De MÃ©xico,Ciudad de MÃ©xico,19.4326,-99.1332,30,17.8,0.012361111,3.987638889,False,0-10 km,0.136490251,8,-4
fbf9ac61453ac646ce8ad9783d7d0af6,3a874b4d4c4b6543206ff5d89287f0c3,20/02/2018,26/02/2018,12/03/2018,21/03/2018,28/02/2018,JuÃ¡rez,Nuevo LeÃ³n,Noreste,25.648563,-100.078301,Monterrey,24.24,29,6,23,2,20,9,0,1,0,0,Servicios y Otros,Ligero,500,1,109.9,15.53,125.43,boleto,vespertino,1,Tuesday,2,2018,2018-02,23,JuÃ¡rez,JuÃ¡rez,20/02/2018,22.1,0.2,77,"Rain, Partially cloudy",rain,JuÃ¡rez,21/03/2018,19.3,0,58.3,Partially cloudy,partly-cloudy-day,Centro Norte,Monterrey,Nuevo LeÃ³n,25.6866,-100.3161,50,29.088,0.0202,28.9798,False,10-50 km,0.12381408,20,9
acce194856392f074dbf9dada14d8d82,7e20bf5ca92da68200643bda76c504c6,04/06/2018,05/06/2018,18/07/2018,16/06/2018,13/06/2018,Tecate,Baja California,Noroeste,32.551761,-116.645978,Tijuana,37.07,12,1,11,1,44,-32,0,0,0,0,Bebes y NiÃ±os,Extrapesado,11300,2,130.4,97.28,455.36,tarjeta_de_credito,vespertino,0,Monday,6,2018,2018-06,0,Tijuana,Tijuana,04/06/2018,18,0,61.1,Partially cloudy,partly-cloudy-day,Tijuana,16/06/2018,17,0,98.7,Overcast,cloudy,Centro Frontera,Tijuana,Baja California,32.5149,-117.0382,50,44.484,0.030891667,11.96910833,False,10-50 km,0.213633169,44,-32
acce194856392f074dbf9dada14d8d82,7e20bf5ca92da68200643bda76c504c6,04/06/2018,05/06/2018,18/07/2018,16/06/2018,13/06/2018,Tecate,Baja California,Noroeste,32.551761,-116.645978,Tijuana,37.07,12,1,11,1,44,-32,0,0,0,0,Bebes y NiÃ±os,Extrapesado,11300,2,130.4,97.28,455.36,tarjeta_de_credito,vespertino,0,Monday,6,2018,2018-06,0,Tijuana,Tijuana,04/06/2018,18,0,61.1,Partially cloudy,partly-cloudy-day,Tijuana,16/06/2018,17,0,98.7,Overcast,cloudy,Centro Frontera,Tijuana,Baja California,32.5149,-117.0382,50,44.484,0.030891667,11.96910833,False,10-50 km,0.213633169,44,-32
dd78f560c270f1909639c11b925620ea,8b212b9525f9e74e85e37ed6df37693e,12/03/2018,12/03/2018,28/03/2018,21/03/2018,16/03/2018,Ciudad de MÃ©xico,Ciudad de MÃ©xico,Centro Sur,19.451463,-99.225952,Ciudad De MÃ©xico,9.96,9,0,9,0,16,-7,0,0,0,0,Belleza y Salud,Pluma,200,1,47.9,12.79,60.69,tarjeta_de_credito,vespertino,0,Monday,3,2018,2018-03,1,Ciudad de MÃ©xico,Ciudad de MÃ©xico,12/03/2018,17.7,3.1,31.5,"Rain, Partially cloudy",rain,Ciudad de MÃ©xico,21/03/2018,17.7,1.8,41.6,"Rain, Partially cloudy",rain,Centro CDMX,Ciudad De MÃ©xico,Ciudad de MÃ©xico,19.4326,-99.1332,30,19.92,0.013833333,8.986166667,False,0-10 km,0.210743121,16,-7
91b2a010e1e45e6ba3d133fa997597be,cce89a605105b148387c52e286ac8335,02/05/2018,10/05/2018,23/05/2018,16/05/2018,09/05/2018,Ciudad de MÃ©xico,Ciudad de MÃ©xico,Centro Sur,19.44862,-99.209449,Ciudad De MÃ©xico,8.2,14,8,6,1,21,-7,1,0,0,0,Arte y Manualidades,Ligero,292,1,178.99,13.69,192.68,tarjeta_de_credito,matutino,2,Wednesday,5,2018,2018-05,11,Ciudad de MÃ©xico,Ciudad de MÃ©xico,02/05/2018,17.7,1,86.7,"Rain, Partially cloudy",rain,Ciudad de MÃ©xico,16/05/2018,20.4,0.4,46.1,"Rain, Partially cloudy",rain,Centro CDMX,Ciudad De MÃ©xico,Ciudad de MÃ©xico,19.4326,-99.1332,30,16.4,0.011388889,13.98861111,False,0-10 km,0.071050446,21,-7
ecab90c9933c58908d3d6add7c6f5ae3,761df82feda9778854c6dafdaeb567e4,25/02/2018,26/02/2018,13/04/2018,27/03/2018,01/03/2018,Cuernavaca,Morelos,Centro Sur,18.92533,-99.207906,Ciudad De MÃ©xico,56.7,30,1,29,0,47,-17,0,0,0,1,Industria y Comercio,EstÃ¡ndar,850,1,30.1,33.24,63.34,tarjeta_de_credito,vespertino,6,Sunday,2,2018,2018-02,13,Cuernavaca,Cuernavaca,25/02/2018,16.8,0,41.2,Partially cloudy,partly-cloudy-day,Cuernavaca,27/03/2018,21.2,0,11.7,Clear,clear-day,Centro CDMX,Ciudad De MÃ©xico,Ciudad de MÃ©xico,19.4326,-99.1332,50,68.04,0.04725,29.95275,False,50-100 km,0.524786865,47,-17
f70a0aff17df5a6cdd9a7196128bd354,456dc10730fbdba34615447ea195d643,10/08/2017,17/08/2017,23/08/2017,18/08/2017,17/08/2017,Ciudad de MÃ©xico,Ciudad de MÃ©xico,Centro Sur,19.43214,-99.096069,Ciudad De MÃ©xico,3.9,8,7,1,2,13,-5,0,0,0,0,Bebes y NiÃ±os,Extrapesado,16450,1,279,34.19,313.19,boleto,vespertino,3,Thursday,8,2017,2017-08,11,Ciudad de MÃ©xico,Ciudad de MÃ©xico,10/08/2017,15,32.451,86.5,"Rain, Partially cloudy",rain,Ciudad de MÃ©xico,18/08/2017,17.5,17.849,81.3,"Rain, Partially cloudy",rain,Centro CDMX,Ciudad De MÃ©xico,Ciudad de MÃ©xico,19.4326,-99.1332,30,17.8,0.012361111,7.987638889,False,0-10 km,0.109166959,13,-5
1790eea0b567cf50911c057cf20f90f9,52142aa69d8d0e1247ab0cada0f76023,16/04/2018,18/04/2018,15/05/2018,05/05/2018,22/04/2018,Ciudad JuÃ¡rez,Chihuahua,Noroeste,31.689261,-106.404705,TorreÃ³n,740.95,19,2,17,0,29,-10,0,0,0,0,Hogar y Muebles,Pluma,100,1,186.9,38,224.9,tarjeta_de_credito,vespertino,0,Monday,4,2018,2018-04,21,Chihuahua,Chihuahua,16/04/2018,22.8,0,4.6,Clear,clear-day,Chihuahua,05/05/2018,22.4,0,57.5,Partially cloudy,partly-cloudy-day,Centro Noreste,TorreÃ³n,Coahuila,25.5439,-103.4187,70,635.1,0.441041667,18.55895833,False,300+ km,0.168963984,29,-10
989225ba6d0ebd5873335f7e01de2ae7,816f8653d5361cbf94e58c33f2502a5c,12/12/2017,16/12/2017,08/01/2018,03/01/2018,20/12/2017,Ciudad de MÃ©xico,Ciudad de MÃ©xico,Centro Sur,19.445984,-99.130661,Ciudad De MÃ©xico,1.51,22,4,18,2,27,-5,0,0,0,0,Hogar y Muebles,Pesado,3000,1,49,14.1,63.1,tarjeta_de_credito,matutino,1,Tuesday,12,2017,2017-12,13,Ciudad de MÃ©xico,Ciudad de MÃ©xico,12/12/2017,10.7,0,5.3,Clear,clear-day,Ciudad de MÃ©xico,03/01/2018,12.9,0,43.5,Partially cloudy,partly-cloudy-day,Centro CDMX,Ciudad De MÃ©xico,Ciudad de MÃ©xico,19.4326,-99.1332,30,13.02,0.009041667,21.99095833,False,0-10 km,0.223454834,27,-5
d887b52c6516beb39e8cd44a5f8b60f7,d9ef95f98d8da3b492bb8c0447910498,03/02/2018,05/02/2018,07/03/2018,22/02/2018,08/02/2018,JuÃ¡rez,Nuevo LeÃ³n,Noreste,25.651663,-100.101732,Monterrey,21.87,19,2,17,0,32,-13,0,0,0,1,Bebes y NiÃ±os,EstÃ¡ndar,800,1,84.9,15.35,100.25,tarjeta_de_credito,matutino,5,Saturday,2,2018,2018-02,12,JuÃ¡rez,JuÃ¡rez,03/02/2018,13.6,0,75.6,Partially cloudy,partly-cloudy-day,JuÃ¡rez,22/02/2018,12.4,2.224,98.6,"Rain, Overcast",rain,Centro Norte,Monterrey,Nuevo LeÃ³n,25.6866,-100.3161,50,26.244,0.018225,18.981775,False,10-50 km,0.153117207,32,-13
b276e4f8c0fb86bd82fce576f21713e0,cf8ffeddf027932e51e4eae73b384059,29/07/2018,30/07/2018,06/08/2018,31/07/2018,02/08/2018,Ciudad de MÃ©xico,Ciudad de MÃ©xico,Centro Sur,19.428893,-99.17616,Ciudad De MÃ©xico,4.53,2,1,1,0,8,-6,0,0,0,1,Belleza y Salud,Ligero,425,1,179,9.41,188.41,tarjeta_de_credito,vespertino,6,Sunday,7,2018,2018-07,23,Ciudad de MÃ©xico,Ciudad de MÃ©xico,29/07/2018,18.8,0,49.5,Partially cloudy,partly-cloudy-day,Ciudad de MÃ©xico,31/07/2018,17.2,3,71.1,"Rain, Partially cloudy",rain,Centro CDMX,Ciudad De MÃ©xico,Ciudad de MÃ©xico,19.4326,-99.1332,30,19.06,0.013236111,1.986763889,False,0-10 km,0.04994427,8,-6
8563039e855156e48fccee4d611a3196,5f16605299d698660e0606f7eae2d2f9,17/02/2018,20/02/2018,20/03/2018,20/03/2018,22/02/2018,Tlaxcala,Tlaxcala,Oriente,19.326922,-98.247999,Puebla,31.92,31,3,28,0,31,0,0,0,0,1,Industria y Comercio,EstÃ¡ndar,850,1,78,28.95,106.95,tarjeta_de_credito,vespertino,5,Saturday,2,2018,2018-02,15,Puebla,Puebla,17/02/2018,20.9,0,36,Partially cloudy,partly-cloudy-day,Puebla,20/03/2018,25.1,0,7.4,Clear,clear-day,Centro Sur,Puebla,Puebla,19.0413,-98.2062,50,38.304,0.0266,30.9734,False,10-50 km,0.270687237,31,0
60550084e6b4c0cb89a87df1f3e5ebd9,f5458ddc3545711efa883dd7ae7c4497,21/02/2018,27/02/2018,29/03/2018,13/03/2018,01/03/2018,Hermosillo,Sonora,Noroeste,29.063302,-110.938243,CuliacÃ¡n,588.2,20,6,14,2,36,-16,0,0,0,0,Electronica y TecnologÃ­a,EstÃ¡ndar,1207,1,39.9,26.89,66.79,boleto,vespertino,2,Wednesday,2,2018,2018-02,18,Hermosillo,Hermosillo,21/02/2018,13.5,0,0.1,Clear,clear-day,Hermosillo,13/03/2018,26,0,38.4,Partially cloudy,partly-cloudy-day,Centro PacÃ­fico,CuliacÃ¡n,Sinaloa,24.8091,-107.394,70,504.1714286,0.350119048,19.64988095,False,300+ km,0.40260518,36,-16
5acce57f8d9dfd55fa48e212a641a69d,295ae9b35379e077273387ff64354b6f,31/07/2017,03/08/2017,22/08/2017,08/08/2017,08/08/2017,Ciudad de MÃ©xico,Ciudad de MÃ©xico,Centro Sur,19.420135,-99.167419,Ciudad De MÃ©xico,3.85,8,3,5,2,22,-14,0,0,0,0,Electronica y TecnologÃ­a,Pluma,200,1,27.9,15.1,43,boleto,vespertino,0,Monday,7,2017,2017-07,21,Ciudad de MÃ©xico,Ciudad de MÃ©xico,31/07/2017,18.4,0.1,52.2,"Rain, Partially cloudy",rain,Ciudad de MÃ©xico,08/08/2017,18.4,3.287,56.6,"Rain, Partially cloudy",rain,Centro CDMX,Ciudad De MÃ©xico,Ciudad de MÃ©xico,19.4326,-99.1332,30,17.7,0.012291667,7.987708333,False,0-10 km,0.351162791,22,-14
434d158e96bdd6972ad6e6d73ddcfd22,2a1dfb647f32f4390e7b857c67458536,01/06/2018,08/06/2018,17/07/2018,18/06/2018,13/06/2018,Ciudad JuÃ¡rez,Chihuahua,Noroeste,31.684368,-106.430995,TorreÃ³n,741.47,17,7,10,4,46,-29,0,0,0,0,Belleza y Salud,Ligero,683,1,445,63.17,508.17,boleto,vespertino,4,Friday,6,2018,2018-06,12,Chihuahua,Chihuahua,01/06/2018,31.2,0,43.4,Partially cloudy,partly-cloudy-day,Chihuahua,18/06/2018,29.1,0,22.3,Partially cloudy,partly-cloudy-day,Centro Noreste,TorreÃ³n,Coahuila,25.5439,-103.4187,70,635.5457143,0.44135119,16.55864881,False,300+ km,0.124308794,46,-29
7206b86ea789983f7a273ea7fa0bc2a8,3391c4bc11a817e7973e498b0b023158,26/03/2018,28/03/2018,12/04/2018,05/04/2018,30/03/2018,Ciudad de MÃ©xico,Ciudad de MÃ©xico,Centro Sur,19.297379,-99.174785,Ciudad De MÃ©xico,15.59,10,2,8,0,17,-7,0,0,0,0,Hogar y Muebles,Ligero,700,1,36.9,12.79,49.69,tarjeta_de_credito,vespertino,0,Monday,3,2018,2018-03,17,Ciudad de MÃ©xico,Ciudad de MÃ©xico,26/03/2018,18,0.1,14,Rain,rain,Ciudad de MÃ©xico,05/04/2018,17.5,0.309,51.8,"Rain, Partially cloudy",rain,Centro CDMX,Ciudad De MÃ©xico,Ciudad de MÃ©xico,19.4326,-99.1332,50,18.708,0.012991667,9.987008333,False,10-50 km,0.257395854,17,-7
1e7aff52cdbb2451ace09d0f848c3699,ddaff536587109b89777e0353215e150,19/05/2017,22/05/2017,12/06/2017,31/05/2017,25/05/2017,Guadalupe,Nuevo LeÃ³n,Noreste,25.696858,-100.236755,Monterrey,8.05,12,3,9,0,24,-12,0,0,0,0,Industria y Comercio,Extrapesado,6050,1,119.99,34.2,154.19,tarjeta_de_credito,vespertino,4,Friday,5,2017,2017-05,18,Monterrey,Monterrey,19/05/2017,28.6,0,54.4,Partially cloudy,partly-cloudy-day,Monterrey,31/05/2017,25,1.071,80.2,"Rain, Partially cloudy",rain,Centro Norte,Monterrey,Nuevo LeÃ³n,25.6866,-100.3161,30,16.1,0.011180556,11.98881944,False,0-10 km,0.221804267,24,-12
6ea2f835b4556291ffdc53fa0b3b95e8,c7340080e394356141681bd4c9b8fe31,24/11/2017,13/12/2017,21/12/2017,28/12/2017,30/11/2017,Ciudad de MÃ©xico,Ciudad de MÃ©xico,Centro Sur,19.355834,-99.189604,Ciudad De MÃ©xico,10.36,34,19,15,1,27,7,1,1,0,0,Hogar y Muebles,Extrapesado,14300,1,339,17.12,356.12,tarjeta_de_credito,vespertino,4,Friday,11,2017,2017-11,21,Ciudad de MÃ©xico,Ciudad de MÃ©xico,24/11/2017,11.6,0,0.3,Clear,clear-day,Ciudad de MÃ©xico,28/12/2017,11.6,0,29.7,Partially cloudy,partly-cloudy-day,Centro CDMX,Ciudad De MÃ©xico,Ciudad de MÃ©xico,19.4326,-99.1332,50,12.432,0.008633333,33.99136667,False,10-50 km,0.048073683,27,7
948097deef559c742e7ce321e5e58919,8644be24d48806bc3a88fd59fb47ceb1,04/08/2017,07/08/2017,01/09/2017,12/08/2017,10/08/2017,Villahermosa,Tabasco,Sureste,17.996515,-92.948524,Veracruz,360.6,8,3,5,0,28,-20,0,0,0,0,Deportes,Ligero,281,1,69.9,25.77,95.67,tarjeta_de_credito,vespertino,4,Friday,8,2017,2017-08,17,Villahermosa,Villahermosa,04/08/2017,30.3,0.3,18.1,Rain,rain,Villahermosa,12/08/2017,27.6,0.2,45.1,"Rain, Partially cloudy",rain,Centro Golfo,Veracruz,Veracruz,19.1738,-96.1342,70,309.0857143,0.214642857,7.785357143,False,300+ km,0.269363437,28,-20
d22e9fa5731b9e30e8b27afcdc2f8563,756fb9391752dad934e0fe3733378e57,04/08/2018,06/08/2018,13/09/2018,13/08/2018,07/08/2018,Tecate,Baja California,Noroeste,32.558927,-116.632755,Tijuana,38.4,9,2,7,0,40,-31,0,0,0,1,Libros y PapelerÃ­a,Ligero,450,1,99,22.62,121.62,tarjeta_de_debito,vespertino,5,Saturday,8,2018,2018-08,23,Tijuana,Tijuana,04/08/2018,24.3,0,37.6,Partially cloudy,partly-cloudy-day,Tijuana,13/08/2018,24.4,0,30.9,Partially cloudy,partly-cloudy-day,Centro Frontera,Tijuana,Baja California,32.5149,-117.0382,50,46.08,0.032,8.968,False,10-50 km,0.185989147,40,-31
6ebaec694d7025e2ad4a05dba887c032,4f28355e5c17a4a42d3ce2439a1d4501,18/05/2017,19/05/2017,09/06/2017,29/05/2017,24/05/2017,Apodaca,Nuevo LeÃ³n,Noreste,25.780164,-100.177718,Monterrey,17.33,11,1,10,0,22,-11,0,0,0,0,Industria y Comercio,Extrapesado,8875,1,139,14.72,153.72,tarjeta_de_credito,vespertino,3,Thursday,5,2017,2017-05,13,Monterrey,Monterrey,18/05/2017,28.3,0,48,Partially cloudy,partly-cloudy-day,Monterrey,29/05/2017,23.6,4.286,87.8,"Rain, Partially cloudy",rain,Centro Norte,Monterrey,Nuevo LeÃ³n,25.6866,-100.3161,50,20.796,0.014441667,10.98555833,False,10-50 km,0.095758522,22,-11
d17dc4a904426827ca80f2ccb3a6be56,569cf68214806a39acc0f39344aea67f,14/05/2017,16/05/2017,12/06/2017,25/05/2017,18/05/2017,Tijuana,Baja California,Noroeste,32.521539,-116.963506,Tijuana,7.06,11,2,9,0,29,-18,0,0,0,1,Deportes,Ligero,650,1,36.9,17.92,54.82,tarjeta_de_credito,vespertino,6,Sunday,5,2017,2017-05,20,Tijuana,Tijuana,14/05/2017,15.3,0,43.9,Partially cloudy,partly-cloudy-day,Tijuana,25/05/2017,16.4,0,93.7,Overcast,cloudy,Centro Frontera,Tijuana,Baja California,32.5149,-117.0382,30,14.12,0.009805556,10.99019444,False,0-10 km,0.326887997,29,-18
25f4376934e13d3508486352e11a5db0,12fd2740039676063a874b9567dfa651,17/05/2018,18/05/2018,25/05/2018,21/05/2018,22/05/2018,Ciudad de MÃ©xico,Ciudad de MÃ©xico,Centro Sur,19.442097,-99.081786,Ciudad De MÃ©xico,5.5,4,1,3,1,8,-4,0,0,0,0,Hogar y Muebles,Pesado,2600,1,69.9,12.43,82.33,tarjeta_de_credito,vespertino,3,Thursday,5,2018,2018-05,16,Ciudad de MÃ©xico,Ciudad de MÃ©xico,17/05/2018,20.5,0,53.8,Partially cloudy,partly-cloudy-day,Ciudad de MÃ©xico,21/05/2018,17.8,6.389,53.8,"Rain, Partially cloudy",rain,Centro CDMX,Ciudad De MÃ©xico,Ciudad de MÃ©xico,19.4326,-99.1332,30,11,0.007638889,3.992361111,False,0-10 km,0.150977772,8,-4
5820a1100976432c7968a52da59e9364,2b56e94c2f66f2d97cfa63356f69cee8,29/07/2018,30/07/2018,13/08/2018,02/08/2018,31/07/2018,Puebla,Puebla,Oriente,19.023202,-98.217385,Puebla,2.32,4,1,3,0,15,-11,0,0,0,1,Deportes,EstÃ¡ndar,1150,1,33.9,18.34,52.24,tarjeta_de_credito,matutino,6,Sunday,7,2018,2018-07,11,Puebla,Puebla,29/07/2018,25.6,0.5,55.9,"Rain, Partially cloudy",rain,Puebla,02/08/2018,22.9,7.5,79.9,"Rain, Partially cloudy",rain,Centro Sur,Puebla,Puebla,19.0413,-98.2062,30,14.64,0.010166667,3.989833333,False,0-10 km,0.351071975,15,-11
2ce1ad82022c1ba30c2079502ac725aa,7f2178c5d771e17f507d3c1637339298,09/08/2017,11/08/2017,31/08/2017,16/08/2017,17/08/2017,Ciudad de MÃ©xico,Ciudad de MÃ©xico,Centro Sur,19.464502,-99.079446,Ciudad De MÃ©xico,6.66,7,2,5,2,22,-15,0,0,0,0,Libros y PapelerÃ­a,Ligero,450,1,115,15.56,130.56,boleto,vespertino,2,Wednesday,8,2017,2017-08,20,Ciudad de MÃ©xico,Ciudad de MÃ©xico,09/08/2017,16,1.752,79.1,"Rain, Partially cloudy",rain,Ciudad de MÃ©xico,16/08/2017,17.6,4.2,84.9,"Rain, Partially cloudy",rain,Centro CDMX,Ciudad De MÃ©xico,Ciudad de MÃ©xico,19.4326,-99.1332,30,13.32,0.00925,6.99075,False,0-10 km,0.119178922,22,-15
138849fd84dff2fb4ca70a0a34c4aa1c,9b18f3fc296990b97854e351334a32f6,01/02/2018,06/02/2018,23/02/2018,14/02/2018,08/02/2018,Ciudad de MÃ©xico,Ciudad de MÃ©xico,Centro Sur,19.416449,-99.189196,Ciudad De MÃ©xico,6.15,13,5,8,2,22,-9,0,0,0,0,Industria y Comercio,EstÃ¡ndar,1700,1,39.47,13.37,52.84,boleto,vespertino,3,Thursday,2,2018,2018-02,14,Ciudad de MÃ©xico,Ciudad de MÃ©xico,01/02/2018,13.9,1.1,77.3,"Rain, Partially cloudy",rain,Ciudad de MÃ©xico,14/02/2018,15.2,0,52,Partially cloudy,partly-cloudy-day,Centro CDMX,Ciudad De MÃ©xico,Ciudad de MÃ©xico,19.4326,-99.1332,30,12.3,0.008541667,12.99145833,False,0-10 km,0.253028009,22,-9
47aa4816b27ba60ec948cd019cc1afc1,148348ff65384b4249b762579532e248,26/06/2018,27/06/2018,20/07/2018,03/07/2018,29/06/2018,Santiago de QuerÃ©taro,Queretaro,Centro Norte,20.579662,-100.388781,QuerÃ©taro,1.02,7,1,6,1,24,-17,0,0,0,0,Hogar y Muebles,Ligero,410,1,53.44,18.47,71.91,boleto,matutino,1,Tuesday,6,2018,2018-06,13,Santiago De QuerÃ©taro,Santiago De QuerÃ©taro,26/06/2018,18.6,3.6,93.6,"Rain, Overcast",rain,Santiago De QuerÃ©taro,03/07/2018,19,17,67.3,"Rain, Partially cloudy",rain,Centro BajÃ­o,QuerÃ©taro,QuerÃ©taro,20.5888,-100.3899,30,12.04,0.008361111,6.991638889,False,0-10 km,0.256848839,24,-17
9faeb9b2746b9d7526aef5acb08e2aa0,79183cd650e2bb0d475b0067d45946ac,26/07/2018,27/07/2018,16/08/2018,31/07/2018,30/07/2018,San Pedro Cholula,Puebla,Oriente,19.059589,-98.285238,Puebla,8.56,5,1,4,0,21,-16,0,0,0,0,Deportes,Pluma,200,2,120,31.04,302.08,tarjeta_de_credito,vespertino,3,Thursday,7,2018,2018-07,14,Puebla,Puebla,26/07/2018,25.6,0.7,31.9,"Rain, Partially cloudy",rain,Puebla,31/07/2018,24.4,19.7,89.5,"Rain, Partially cloudy",rain,Centro Sur,Puebla,Puebla,19.0413,-98.2062,30,17.12,0.011888889,4.988111111,False,0-10 km,0.102754237,21,-16
9faeb9b2746b9d7526aef5acb08e2aa0,79183cd650e2bb0d475b0067d45946ac,26/07/2018,27/07/2018,16/08/2018,31/07/2018,30/07/2018,San Pedro Cholula,Puebla,Oriente,19.059589,-98.285238,Puebla,8.56,5,1,4,0,21,-16,0,0,0,0,Deportes,Pluma,200,2,120,31.04,302.08,tarjeta_de_credito,vespertino,3,Thursday,7,2018,2018-07,14,Puebla,Puebla,26/07/2018,25.6,0.7,31.9,"Rain, Partially cloudy",rain,Puebla,31/07/2018,24.4,19.7,89.5,"Rain, Partially cloudy",rain,Centro Sur,Puebla,Puebla,19.0413,-98.2062,30,17.12,0.011888889,4.988111111,False,0-10 km,0.102754237,21,-16
641fb0752bf5b5940c376b3a8bb9dc52,f5afca14dfa9dc64251cf2b45c54c363,15/12/2017,19/12/2017,16/01/2018,03/01/2018,21/12/2017,Santiago,Nuevo LeÃ³n,Noreste,25.434024,-100.138426,Monterrey,33.19,19,4,15,0,32,-13,0,0,0,0,Arte y Manualidades,Ligero,394,1,369,17.33,386.33,tarjeta_de_credito,vespertino,4,Friday,12,2017,2017-12,0,Monterrey,Monterrey,15/12/2017,7.4,12.657,97.8,"Snow, Rain, Overcast",rain,Monterrey,03/01/2018,4.5,0,62,Partially cloudy,partly-cloudy-day,Centro Norte,Monterrey,Nuevo LeÃ³n,25.6866,-100.3161,50,39.828,0.027658333,18.97234167,False,10-50 km,0.044858023,32,-13
e425680f760cbc130be3e53a9773c584,f178c1827f67a8467b0385b7378d951a,31/08/2017,31/08/2017,20/09/2017,04/09/2017,08/09/2017,Ciudad de MÃ©xico,Ciudad de MÃ©xico,Centro Sur,19.39394,-99.093413,Ciudad De MÃ©xico,5.98,4,0,4,0,20,-16,0,0,0,0,Hogar y Muebles,EstÃ¡ndar,950,1,38.4,11.85,50.25,tarjeta_de_credito,matutino,3,Thursday,8,2017,2017-08,8,Ciudad de MÃ©xico,Ciudad de MÃ©xico,31/08/2017,16.2,24.882,81.7,"Rain, Partially cloudy",rain,Ciudad de MÃ©xico,04/09/2017,16.2,5.045,76.3,"Rain, Partially cloudy",rain,Centro CDMX,Ciudad De MÃ©xico,Ciudad de MÃ©xico,19.4326,-99.1332,30,11.96,0.008305556,3.991694444,False,0-10 km,0.235820896,20,-16
40c5e18f7d112b59b3e5113a59a905b3,67407057a7d5ee17d1cd09523f484d13,11/06/2018,14/06/2018,16/07/2018,19/06/2018,15/06/2018,Guadalupe,Nuevo LeÃ³n,Noreste,25.673797,-100.271111,Monterrey,4.73,8,3,5,0,35,-27,0,0,0,0,Belleza y Salud,Ligero,400,1,119.9,8.78,128.68,tarjeta_de_credito,matutino,0,Monday,6,2018,2018-06,10,Monterrey,Monterrey,11/06/2018,28.4,0.286,71.9,"Rain, Partially cloudy",rain,Monterrey,19/06/2018,27.5,0,52.3,Partially cloudy,partly-cloudy-day,Centro Norte,Monterrey,Nuevo LeÃ³n,25.6866,-100.3161,30,19.46,0.013513889,7.986486111,False,0-10 km,0.068231271,35,-27
734e7d1bbaeb2ff82521ca0fe6fb6f79,2932d241d1f31e6df6c701d52370ae02,11/06/2018,11/06/2018,05/07/2018,14/06/2018,13/06/2018,Ciudad de MÃ©xico,Ciudad de MÃ©xico,Centro Sur,19.461581,-99.131858,Ciudad De MÃ©xico,3.21,3,0,3,0,24,-21,0,0,0,0,Hogar y Muebles,Ligero,350,1,29.99,13.47,43.46,tarjeta_de_credito,matutino,0,Monday,6,2018,2018-06,8,Ciudad de MÃ©xico,Ciudad de MÃ©xico,11/06/2018,17.6,1.376,88.4,"Rain, Partially cloudy",rain,Ciudad de MÃ©xico,14/06/2018,15.4,11.449,98.4,"Rain, Overcast",rain,Centro CDMX,Ciudad De MÃ©xico,Ciudad de MÃ©xico,19.4326,-99.1332,30,16.42,0.011402778,2.988597222,False,0-10 km,0.309940175,24,-21
66e4624ae69e7dc89bd50222b59f581f,684fa6da5134b9e4dab731e00011712d,09/03/2018,15/03/2018,02/04/2018,03/04/2018,15/03/2018,Villa de Ãlvarez,Colima,Occidente,19.264955,-103.72641,Guadalajara,159.36,25,6,19,0,24,1,0,1,0,0,Electronica y TecnologÃ­a,Ligero,300,2,45.98,45.7,183.36,tarjeta_de_credito,vespertino,4,Friday,3,2018,2018-03,14,Puerto Vallarta,Puerto Vallarta,09/03/2018,21.3,0,29.8,Partially cloudy,partly-cloudy-day,Puerto Vallarta,03/04/2018,21.5,0,0,Clear,clear-day,Centro Occidente,Guadalajara,Jalisco,20.6597,-103.3496,70,136.5942857,0.094857143,24.90514286,False,100-300 km,0.249236475,24,1
